Feature,Mean |SHAP|,Description
Feature_106,0.229172,Feature 107
Feature_89,0.155497,Feature 90
Feature_86,0.136014,Feature 87
Feature_103,0.128983,Feature 104
Feature_7,0.108847,Feature 8
Feature_39,0.104962,Feature 40
Feature_83,0.098258,Feature 84
Feature_107,0.073365,Feature 108
Feature_101,0.050091,Feature 102
Feature_100,0.040126,Feature 101
Feature_105,0.033271,Feature 106
Feature_104,0.032643,Feature 105
Feature_81,0.032486,Feature 82
Feature_102,0.03155,Feature 103
Feature_37,0.030996,Feature 38
Feature_154,0.028684,Feature 155
Feature_108,0.02859,Feature 109
Feature_0,0.027171,Feature 1
Feature_109,0.026775,Feature 110
Feature_4,0.026645,Feature 5
Feature_51,0.02603,Feature 52
Feature_150,0.02449,Feature 151
Feature_87,0.020707,Feature 88
Feature_2,0.02037,Feature 3
Feature_34,0.019586,Feature 35
Feature_30,0.017507,Feature 31
Feature_31,0.0174,Feature 32
Feature_5,0.01639,Feature 6
Feature_8,0.016343,Feature 9
Feature_84,0.015344,Feature 85
Feature_155,0.014092,Feature 156
Feature_158,0.013698,Feature 159
Feature_80,0.013047,Feature 81
Feature_38,0.012578,Feature 39
Feature_88,0.012466,Feature 89
Feature_152,0.011821,Feature 153
Feature_156,0.011574,Feature 157
Feature_85,0.011421,Feature 86
Feature_82,0.011412,Feature 83
Feature_1,0.010837,Feature 2
Feature_6,0.01076,Feature 7
Feature_55,0.010703,Feature 56
Feature_36,0.010478,Feature 37
Feature_166,0.009958,Feature 167
Feature_32,0.009675,Feature 33
Feature_56,0.009269,Feature 57
Feature_35,0.008665,Feature 36
Feature_52,0.008233,Feature 53
Feature_58,0.00748,Feature 59
Feature_151,0.006979,Feature 152
Feature_148,0.006634,Feature 149
Feature_169,0.006589,Feature 170
Feature_54,0.006002,Feature 55
Feature_138,0.005943,Feature 139
Feature_186,0.005604,Feature 187
Feature_50,0.005375,Feature 51
Feature_59,0.005296,Feature 60
Feature_157,0.005239,Feature 158
Feature_153,0.00522,Feature 154
Feature_121,0.005088,Feature 122
Feature_159,0.005072,Feature 160
Feature_40,0.004786,Feature 41
Feature_9,0.00476,Feature 10
Feature_136,0.004724,Feature 137
Feature_12,0.004504,Feature 13
Feature_168,0.004413,Feature 169
Feature_132,0.004393,Feature 133
Feature_48,0.004276,Feature 49
Feature_185,0.004263,Feature 186
Feature_115,0.004147,Feature 116
Feature_65,0.004046,Feature 66
Feature_141,0.004022,Feature 142
Feature_3,0.003966,Feature 4
Feature_175,0.003944,Feature 176
Feature_28,0.003943,Feature 29
Feature_124,0.003912,Feature 125
Feature_15,0.003874,Feature 16
Feature_145,0.003822,Feature 146
Feature_162,0.003797,Feature 163
Feature_189,0.003727,Feature 190
Feature_62,0.003696,Feature 63
Feature_53,0.003693,Feature 54
Feature_78,0.003676,Feature 79
Feature_21,0.00363,Feature 22
Feature_167,0.003574,Feature 168
Feature_33,0.003552,Feature 34
Feature_172,0.003536,Feature 173
Feature_188,0.003536,Feature 189
Feature_135,0.003516,Feature 136
Feature_160,0.003487,Feature 161
Feature_139,0.003473,Feature 140
Feature_165,0.003439,Feature 166
Feature_142,0.003436,Feature 143
Feature_161,0.003367,Feature 162
Feature_42,0.003362,Feature 43
Feature_134,0.003262,Feature 135
Feature_57,0.003217,Feature 58
Feature_11,0.003117,Feature 12
Feature_114,0.003091,Feature 115
Feature_144,0.003083,Feature 145
Feature_45,0.003071,Feature 46
Feature_68,0.002969,Feature 69
Feature_98,0.002928,Feature 99
Feature_75,0.002902,Feature 76
Feature_44,0.002896,Feature 45
Feature_19,0.002879,Feature 20
Feature_187,0.002807,Feature 188
Feature_163,0.002803,Feature 164
Feature_95,0.002745,Feature 96
Feature_164,0.002696,Feature 165
Feature_178,0.002658,Feature 179
Feature_149,0.002636,Feature 150
Feature_143,0.00263,Feature 144
Feature_131,0.002597,Feature 132
Feature_170,0.002593,Feature 171
Feature_182,0.002576,Feature 183
Feature_140,0.00255,Feature 141
Feature_64,0.002534,Feature 65
Feature_181,0.002501,Feature 182
Feature_133,0.00248,Feature 134
Feature_72,0.002464,Feature 73
Feature_70,0.002461,Feature 71
Feature_10,0.002445,Feature 11
Feature_17,0.002432,Feature 18
Feature_146,0.002405,Feature 147
Feature_60,0.002348,Feature 61
Feature_147,0.002345,Feature 148
Feature_119,0.002334,Feature 120
Feature_128,0.002315,Feature 129
Feature_184,0.002309,Feature 185
Feature_91,0.002238,Feature 92
Feature_118,0.002228,Feature 119
Feature_112,0.002208,Feature 113
Feature_22,0.00218,Feature 23
Feature_180,0.002174,Feature 181
Feature_99,0.002161,Feature 100
Feature_69,0.002153,Feature 70
Feature_94,0.002149,Feature 95
Feature_126,0.002138,Feature 127
Feature_23,0.002135,Feature 24
Feature_25,0.002103,Feature 26
Feature_16,0.00208,Feature 17
Feature_125,0.002068,Feature 126
Feature_20,0.002051,Feature 21
Feature_122,0.002028,Feature 123
Feature_29,0.002009,Feature 30
Feature_71,0.002002,Feature 72
Feature_14,0.002002,Feature 15
Feature_137,0.002,Feature 138
Feature_18,0.001998,Feature 19
Feature_61,0.001989,Feature 62
Feature_90,0.001975,Feature 91
Feature_120,0.001957,Feature 121
Feature_43,0.001941,Feature 44
Feature_179,0.001918,Feature 180
Feature_110,0.001913,Feature 111
Feature_79,0.0019,Feature 80
Feature_171,0.001892,Feature 172
Feature_130,0.001885,Feature 131
Feature_183,0.001849,Feature 184
Feature_46,0.001847,Feature 47
Feature_24,0.001834,Feature 25
Feature_96,0.001808,Feature 97
Feature_174,0.001807,Feature 175
Feature_127,0.001784,Feature 128
Feature_116,0.00175,Feature 117
Feature_92,0.001727,Feature 93
Feature_111,0.001677,Feature 112
Feature_177,0.001649,Feature 178
Feature_41,0.001647,Feature 42
Feature_66,0.00161,Feature 67
Feature_129,0.00161,Feature 130
Feature_49,0.001603,Feature 50
Feature_27,0.001602,Feature 28
Feature_117,0.0016,Feature 118
Feature_76,0.001587,Feature 77
Feature_74,0.001583,Feature 75
Feature_13,0.001578,Feature 14
Feature_47,0.00157,Feature 48
Feature_173,0.001552,Feature 174
Feature_97,0.001527,Feature 98
Feature_113,0.001495,Feature 114
Feature_67,0.001466,Feature 68
Feature_63,0.001431,Feature 64
Feature_93,0.001431,Feature 94
Feature_26,0.001403,Feature 27
Feature_123,0.001392,Feature 124
Feature_77,0.001359,Feature 78
Feature_73,0.001327,Feature 74
Feature_176,0.001295,Feature 177
